-- phpMyAdmin SQL Dump
-- version 3.4.10.1deb1
-- http://www.phpmyadmin.net
--
-- Host: localhost
-- Generation Time: Oct 08, 2013 at 10:01 PM
-- Server version: 5.5.32
-- PHP Version: 5.3.10-1ubuntu3.8

SET SQL_MODE="NO_AUTO_VALUE_ON_ZERO";
SET time_zone = "+00:00";


/*!40101 SET @OLD_CHARACTER_SET_CLIENT=@@CHARACTER_SET_CLIENT */;
/*!40101 SET @OLD_CHARACTER_SET_RESULTS=@@CHARACTER_SET_RESULTS */;
/*!40101 SET @OLD_COLLATION_CONNECTION=@@COLLATION_CONNECTION */;
/*!40101 SET NAMES utf8 */;

--
-- Database: `oddsleaders`
--

-- --------------------------------------------------------

--
-- Table structure for table `coefficient`
--

CREATE TABLE IF NOT EXISTS `coefficient` (
  `id` int(10) unsigned NOT NULL AUTO_INCREMENT,
  `game_id` int(10) unsigned NOT NULL,
  `house_id` int(10) unsigned NOT NULL,
  `odds` text NOT NULL,
  PRIMARY KEY (`id`),
  KEY `game_id` (`game_id`),
  KEY `house_id` (`house_id`)
) ENGINE=InnoDB  DEFAULT CHARSET=utf8 AUTO_INCREMENT=31 ;

--
-- Dumping data for table `coefficient`
--

INSERT INTO `coefficient` (`id`, `game_id`, `house_id`, `odds`) VALUES
(8, 618101, 1, '{"1":"1.50","X":"4.25","2":"6.00"}'),
(9, 618102, 1, '{"1":"1.22","X":"5.50","2":"13.00"}'),
(10, 618103, 1, '{"1":"2.55","X":"3.40","2":"2.65"}'),
(11, 618104, 1, '{"1":"2.60","X":"3.10","2":"2.80","1\\/X":"14.00","X\\/1":"9.00","X\\/X":"5.75","X\\/2":"4.75","2\\/X":"14.00","1\\/1":"7.00","2\\/1":"30.00","1\\/2":"20.00","2\\/2":"2.75","1X":"1.88","12":"1.28","X2":"1.20","2+":"1.20","3+":"1.65","4+":"2.80","5+":"5.25","6+":"10.00","0-1":"4.00","0-2":"2.10","0-3":"1.38","0-4":"1.12","0-5":"1.02","1+":"1.02","0":"10.00"}'),
(12, 618105, 1, '{"1":"2.65","X":"3.10","2":"2.70","1\\/X":"15.00","X\\/1":"5.25","X\\/X":"5.00","X\\/2":"7.50","2\\/X":"15.00","1\\/1":"3.30","2\\/1":"28.00","1\\/2":"30.00","2\\/2":"5.25","1X":"1.30","12":"1.28","X2":"1.68","2+":"1.35","3+":"2.20","4+":"4.25","5+":"8.50","6+":"11.00","0-1":"2.90","0-2":"1.60","0-3":"1.18","0-4":"1.04","0-5":"1.01","1+":"1.03","0":"9.00"}'),
(13, 618106, 1, '{"1":"2.90","X":"3.00","2":"2.55","1\\/X":"16.00","X\\/1":"4.25","X\\/X":"6.00","X\\/2":"12.00","2\\/X":"15.00","1\\/1":"2.30","2\\/1":"20.00","1\\/2":"35.00","2\\/2":"11.00","1X":"1.11","12":"1.20","X2":"2.50","2+":"1.18","3+":"1.65","4+":"2.75","5+":"5.25","6+":"10.00","0-1":"4.25","0-2":"2.10","0-3":"1.40","0-4":"1.12","0-5":"1.02","1+":"1.01","0":"11.00"}'),
(14, 618107, 1, '{"1":"2.45","X":"3.20","2":"2.85","1\\/X":"22.00","X\\/1":"3.75","X\\/X":"7.50","X\\/2":"20.00","2\\/X":"20.00","1\\/1":"1.75","2\\/1":"20.00","1\\/2":"50.00","2\\/2":"22.00","1X":"1.00","12":"1.12","X2":"3.90","7+":"11.00","0-6":"1.01","2+":"1.15","3+":"1.55","4+":"2.45","5+":"4.50","6+":"9.00","0-1":"4.75","0-2":"2.30","0-3":"1.48","0-4":"1.16","0-5":"1.03","1+":"1.01","0":"11.00"}'),
(15, 618108, 1, '{"1":"1.72","X":"3.75","2":"4.50","1\\/X":"16.00","X\\/1":"4.25","X\\/X":"5.50","X\\/2":"13.00","2\\/X":"15.00","1\\/1":"2.25","2\\/1":"20.00","1\\/2":"40.00","2\\/2":"12.00","1X":"1.07","12":"1.28","X2":"2.35","2+":"1.20","3+":"1.72","4+":"2.90","5+":"6.00","6+":"10.00","0-1":"4.00","0-2":"2.00","0-3":"1.35","0-4":"1.10","0-5":"1.02","1+":"1.02","0":"10.00"}'),
(16, 618109, 1, '{"1":"2.90","X":"3.20","2":"2.40","1\\/X":"17.00","X\\/1":"4.00","X\\/X":"5.75","X\\/2":"15.00","2\\/X":"17.00","1\\/1":"2.10","2\\/1":"22.00","1\\/2":"40.00","2\\/2":"15.00","1X":"1.05","12":"1.22","X2":"2.70","2+":"1.22","3+":"1.75","4+":"3.00","5+":"6.00","6+":"10.00","0-1":"3.80","0-2":"1.95","0-3":"1.33","0-4":"1.10","0-5":"1.02","1+":"1.02","0":"10.00"}'),
(17, 618110, 1, '{"1":"7.50","X":"4.00","2":"1.45","1\\/X":"15.00","X\\/1":"11.00","X\\/X":"5.50","X\\/2":"4.30","2\\/X":"14.00","1\\/1":"10.00","2\\/1":"35.00","1\\/2":"20.00","2\\/2":"2.45","1X":"2.10","12":"1.30","X2":"1.11","2+":"1.20","3+":"1.72","4+":"2.90","5+":"5.25","6+":"10.00","0-1":"4.00","0-2":"2.00","0-3":"1.35","0-4":"1.12","0-5":"1.02","1+":"1.02","0":"10.00"}'),
(18, 618111, 1, '{"1":"2.10","X":"3.30","2":"3.40","1\\/X":"14.00","X\\/1":"6.00","X\\/X":"5.00","X\\/2":"6.00","2\\/X":"14.00","1\\/1":"4.00","2\\/1":"25.00","1\\/2":"28.00","2\\/2":"4.30","1X":"1.45","12":"1.30","X2":"1.48","2+":"1.30","3+":"2.00","4+":"3.50","5+":"7.50","6+":"11.00","0-1":"3.20","0-2":"1.72","0-3":"1.25","0-4":"1.06","0-5":"1.01","1+":"1.02","0":"10.00"}'),
(19, 618112, 1, '{"1":"2.00","X":"3.40","2":"3.60","1\\/X":"15.00","X\\/1":"6.00","X\\/X":"4.50","X\\/2":"6.50","2\\/X":"14.00","1\\/1":"4.00","2\\/1":"30.00","1\\/2":"30.00","2\\/2":"4.25","1X":"1.42","12":"1.33","X2":"1.45","2+":"1.38","3+":"2.30","4+":"4.50","5+":"9.00","6+":"11.00","0-1":"2.80","0-2":"1.55","0-3":"1.16","0-4":"1.03","0-5":"1.01","1+":"1.04","0":"8.50"}'),
(20, 618113, 1, '{"1":"2.60","X":"3.20","2":"2.65","1\\/X":"15.00","X\\/1":"6.50","X\\/X":"4.50","X\\/2":"6.00","2\\/X":"14.00","1\\/1":"4.50","2\\/1":"30.00","1\\/2":"30.00","2\\/2":"3.80","1X":"1.48","12":"1.35","X2":"1.38","2+":"1.40","3+":"2.35","4+":"4.50","5+":"10.00","6+":"10.00","0-1":"2.75","0-2":"1.52","0-3":"1.16","0-4":"1.02","0-5":"1.02","1+":"1.05","0":"8.00"}'),
(21, 618114, 1, '{"1":"2.35","X":"3.30","2":"2.90","1\\/X":"14.00","X\\/1":"5.75","X\\/X":"4.75","X\\/2":"6.50","2\\/X":"14.00","1\\/1":"4.00","2\\/1":"25.00","1\\/2":"28.00","2\\/2":"4.75","1X":"1.38","12":"1.33","X2":"1.50","7+":"11.00","0-6":"1.01","2+":"1.33","3+":"2.10","4+":"3.80","5+":"8.00","6+":"11.00","0-1":"3.00","0-2":"1.65","0-3":"1.22","0-4":"1.05","0-5":"1.01","1+":"1.03","0":"9.00"}'),
(22, 618115, 1, '{"1":"3.20","X":"3.40","2":"2.15","1\\/X":"18.00","X\\/1":"14.00","X\\/X":"5.50","X\\/2":"3.90","2\\/X":"18.00","1\\/1":"15.00","2\\/1":"50.00","1\\/2":"22.00","2\\/2":"2.15","1X":"2.60","12":"1.22","X2":"1.06","2+":"1.28","3+":"1.95","4+":"3.50","5+":"7.50","6+":"11.00","0-1":"3.30","0-2":"1.75","0-3":"1.25","0-4":"1.06","0-5":"1.01","1+":"1.03","0":"9.00"}'),
(23, 618116, 1, '{"1":"2.25","X":"3.40","2":"3.00","1\\/X":"16.00","X\\/1":"4.25","X\\/X":"5.50","X\\/2":"10.00","2\\/X":"16.00","1\\/1":"2.50","2\\/1":"22.00","1\\/2":"40.00","2\\/2":"9.00","1X":"1.13","12":"1.25","X2":"2.15","2+":"1.28","3+":"1.95","4+":"3.50","5+":"7.00","6+":"11.00","0-1":"3.30","0-2":"1.75","0-3":"1.25","0-4":"1.07","0-5":"1.01","1+":"1.02","0":"10.00"}'),
(24, 618117, 1, '{"1":"1.18","X":"6.50","2":"15.00","1\\/X":"13.00","X\\/1":"5.50","X\\/X":"5.75","X\\/2":"7.00","2\\/X":"13.00","1\\/1":"3.50","2\\/1":"20.00","1\\/2":"25.00","2\\/2":"5.25","1X":"1.33","12":"1.28","X2":"1.62","2+":"1.16","3+":"1.62","4+":"2.65","5+":"4.75","6+":"9.00","0-1":"4.50","0-2":"2.15","0-3":"1.42","0-4":"1.15","0-5":"1.03","1+":"1.01","0":"11.00","7+":"11.00","0-6":"1.01"}'),
(25, 618118, 1, '{"1":"1.75","X":"3.75","2":"4.30","1\\/X":"15.00","X\\/1":"5.00","X\\/X":"5.00","X\\/2":"8.00","2\\/X":"15.00","1\\/1":"3.10","2\\/1":"25.00","1\\/2":"30.00","2\\/2":"6.00","1X":"1.25","12":"1.28","X2":"1.75","2+":"1.30","3+":"2.10","4+":"3.80","5+":"8.00","6+":"11.00","0-1":"3.20","0-2":"1.65","0-3":"1.22","0-4":"1.05","0-5":"1.01","1+":"1.03","0":"9.00"}'),
(26, 618119, 1, '{"1":"14.00","X":"5.75","2":"1.20","1\\/X":"16.00","X\\/1":"4.30","X\\/X":"5.75","X\\/2":"11.00","2\\/X":"16.00","1\\/1":"2.40","2\\/1":"22.00","1\\/2":"35.00","2\\/2":"9.00","1X":"1.14","12":"1.25","X2":"2.20","7+":"11.00","0-6":"1.01","2+":"1.22","3+":"1.85","4+":"3.20","5+":"6.50","6+":"11.00","0-1":"3.80","0-2":"1.85","0-3":"1.30","0-4":"1.08","0-5":"1.01","1+":"1.02","0":"10.00"}'),
(27, 618120, 1, '{"1":"4.75","X":"3.80","2":"1.68","1\\/X":"14.00","X\\/1":"6.00","X\\/X":"4.50","X\\/2":"6.00","2\\/X":"14.00","1\\/1":"4.30","2\\/1":"28.00","1\\/2":"30.00","2\\/2":"4.30","1X":"1.42","12":"1.30","X2":"1.45","2+":"1.38","3+":"2.30","4+":"4.25","5+":"9.00","6+":"11.00","0-1":"2.80","0-2":"1.55","0-3":"1.18","0-4":"1.03","0-5":"1.01","1+":"1.04","0":"8.50"}'),
(28, 618121, 1, '{"1":"2.15","X":"3.25","2":"3.40","1\\/X":"14.00","X\\/1":"5.50","X\\/X":"4.75","X\\/2":"6.50","2\\/X":"14.00","1\\/1":"3.80","2\\/1":"25.00","1\\/2":"28.00","2\\/2":"5.00","1X":"1.38","12":"1.30","X2":"1.55","7+":"11.00","0-6":"1.01","2+":"1.30","3+":"2.10","4+":"3.80","5+":"8.00","6+":"11.00","0-1":"3.20","0-2":"1.65","0-3":"1.22","0-4":"1.05","0-5":"1.01","1+":"1.03","0":"9.00"}'),
(29, 618122, 1, '{"1":"1.90","X":"3.50","2":"3.90","1\\/X":"14.00","X\\/1":"6.00","X\\/X":"5.00","X\\/2":"6.50","2\\/X":"15.00","1\\/1":"3.90","2\\/1":"28.00","1\\/2":"28.00","2\\/2":"4.25","1X":"1.45","12":"1.28","X2":"1.50","2+":"1.30","3+":"2.10","4+":"3.80","5+":"8.00","6+":"11.00","0-1":"3.20","0-2":"1.65","0-3":"1.22","0-4":"1.05","0-5":"1.01","1+":"1.02","0":"10.00"}'),
(30, 618123, 1, '{"1":"2.10","X":"3.40","2":"3.30","1\\/X":"15.00","X\\/1":"5.75","X\\/X":"4.75","X\\/2":"7.00","2\\/X":"15.00","1\\/1":"3.50","2\\/1":"28.00","1\\/2":"30.00","2\\/2":"4.75","1X":"1.35","12":"1.28","X2":"1.60","2+":"1.38","3+":"2.25","4+":"4.25","5+":"9.00","6+":"11.00","0-1":"2.80","0-2":"1.58","0-3":"1.18","0-4":"1.03","0-5":"1.01","1+":"1.04","0":"8.50"}');

-- --------------------------------------------------------

--
-- Table structure for table `game`
--

CREATE TABLE IF NOT EXISTS `game` (
  `id` int(10) unsigned NOT NULL AUTO_INCREMENT,
  `home_id` int(10) unsigned NOT NULL,
  `guest_id` int(10) unsigned NOT NULL,
  `start` datetime NOT NULL,
  `home_goals` int(10) unsigned NOT NULL DEFAULT '0',
  `guest_goals` int(10) unsigned NOT NULL DEFAULT '0',
  PRIMARY KEY (`id`),
  KEY `home_id` (`home_id`),
  KEY `guest_id` (`guest_id`)
) ENGINE=InnoDB  DEFAULT CHARSET=utf8 AUTO_INCREMENT=618124 ;

--
-- Dumping data for table `game`
--

INSERT INTO `game` (`id`, `home_id`, `guest_id`, `start`, `home_goals`, `guest_goals`) VALUES
(618101, 261, 256, '2013-10-19 15:00:00', 0, 0),
(618102, 253, 270, '2013-10-19 15:00:00', 0, 0),
(618103, 271, 269, '2013-10-21 20:00:00', 0, 0),
(618104, 871, 874, '2013-10-18 19:30:00', 0, 0),
(618105, 868, 866, '2013-10-18 19:30:00', 0, 0),
(618106, 879, 867, '2013-10-19 19:00:00', 0, 0),
(618107, 878, 875, '2013-10-19 19:00:00', 0, 0),
(618108, 873, 882, '2013-10-19 19:00:00', 0, 0),
(618109, 870, 865, '2013-10-19 19:00:00', 0, 0),
(618110, 881, 863, '2013-10-20 13:00:00', 0, 0),
(618111, 876, 877, '2013-10-20 20:00:00', 0, 0),
(618112, 498, 500, '2013-10-19 17:00:00', 0, 0),
(618113, 495, 491, '2013-10-20 11:30:00', 0, 0),
(618114, 504, 503, '2013-10-20 14:00:00', 0, 0),
(618115, 490, 487, '2013-10-20 14:00:00', 0, 0),
(618116, 497, 502, '2013-10-20 14:00:00', 0, 0),
(618117, 598, 605, '2013-10-19 15:00:00', 0, 0),
(618118, 602, 610, '2013-10-19 17:00:00', 0, 0),
(618119, 613, 596, '2013-10-19 19:00:00', 0, 0),
(618120, 603, 597, '2013-10-19 21:00:00', 0, 0),
(618121, 609, 600, '2013-10-20 11:00:00', 0, 0),
(618122, 615, 614, '2013-10-20 16:00:00', 0, 0),
(618123, 611, 604, '2013-10-21 19:00:00', 0, 0);

-- --------------------------------------------------------

--
-- Table structure for table `house`
--

CREATE TABLE IF NOT EXISTS `house` (
  `id` int(10) unsigned NOT NULL AUTO_INCREMENT,
  `name` varchar(128) NOT NULL,
  PRIMARY KEY (`id`)
) ENGINE=InnoDB  DEFAULT CHARSET=utf8 AUTO_INCREMENT=3 ;

--
-- Dumping data for table `house`
--

INSERT INTO `house` (`id`, `name`) VALUES
(1, 'Odds Leaders'),
(2, 'Livescore');

-- --------------------------------------------------------

--
-- Table structure for table `league`
--

CREATE TABLE IF NOT EXISTS `league` (
  `id` int(10) unsigned NOT NULL AUTO_INCREMENT,
  `name` varchar(128) NOT NULL,
  `slug` varchar(128) NOT NULL,
  PRIMARY KEY (`id`)
) ENGINE=InnoDB  DEFAULT CHARSET=utf8 AUTO_INCREMENT=65 ;

--
-- Dumping data for table `league`
--

INSERT INTO `league` (`id`, `name`, `slug`) VALUES
(28, 'Premier League', 'premier-league'),
(29, 'Championship', 'championship'),
(30, 'England League 1', 'england-league-1'),
(31, 'England League 2', 'england-league-2'),
(32, 'Blue Square Premier', 'blue-square-premier'),
(33, 'Blue Square North', 'blue-square-north'),
(34, 'Blue Square South', 'blue-square-south'),
(35, 'Evo Stik League', 'evo-stik-league'),
(36, 'Zamaretto League', 'zamaretto-league'),
(37, 'Ryman League', 'ryman-league'),
(38, 'Italy Serie A', 'italy-serie-a'),
(39, 'Italy Serie B', 'italy-serie-b'),
(40, 'Italy Serie C1 A', 'italy-serie-c1-a'),
(41, 'Italy Serie C1 B', 'italy-serie-c1-b'),
(42, 'Italy Serie C2 A', 'italy-serie-c2-a'),
(43, 'Italy Serie C2 B', 'italy-serie-c2-b'),
(44, 'Primera Division', 'primera-division'),
(45, 'Secunda Division', 'secunda-division'),
(46, 'Secunda B Group 1', 'secunda-b-group-1'),
(47, 'Secunda B Group 2', 'secunda-b-group-2'),
(48, 'Secunda B Group 3', 'secunda-b-group-3'),
(49, 'Secunda B Group 4', 'secunda-b-group-4'),
(50, 'Bundesliga', 'bundesliga'),
(51, 'Bundesliga 2', 'bundesliga-2'),
(52, 'Liga 3', 'liga-3'),
(53, 'Regionalliga Bayern', 'regionalliga-bayern'),
(54, 'Regionalliga North', 'regionalliga-north'),
(55, 'Regionalliga Nordost', 'regionalliga-nordost'),
(56, 'Regionalliga West', 'regionalliga-west'),
(57, 'Regionalliga Sudwest', 'regionalliga-sudwest'),
(58, 'Ligue 1', 'ligue-1'),
(59, 'Ligue 2', 'ligue-2'),
(60, 'Championnat National', 'championnat-national'),
(61, 'CFA Group A', 'cfa-group-a'),
(62, 'CFA Group B', 'cfa-group-b'),
(63, 'CFA Group C', 'cfa-group-c'),
(64, 'CFA Group D', 'cfa-group-d');

-- --------------------------------------------------------

--
-- Table structure for table `nickname`
--

CREATE TABLE IF NOT EXISTS `nickname` (
  `id` int(10) unsigned NOT NULL AUTO_INCREMENT,
  `team_id` int(10) unsigned NOT NULL,
  `house_id` int(10) unsigned NOT NULL,
  `name` varchar(128) NOT NULL,
  PRIMARY KEY (`id`),
  KEY `team_id` (`team_id`),
  KEY `house_id` (`house_id`)
) ENGINE=InnoDB DEFAULT CHARSET=utf8 AUTO_INCREMENT=1 ;

-- --------------------------------------------------------

--
-- Table structure for table `role`
--

CREATE TABLE IF NOT EXISTS `role` (
  `id` int(10) unsigned NOT NULL AUTO_INCREMENT,
  `user_id` int(10) unsigned NOT NULL,
  `role` varchar(64) NOT NULL,
  PRIMARY KEY (`id`),
  KEY `user_id` (`user_id`)
) ENGINE=InnoDB  DEFAULT CHARSET=utf8 AUTO_INCREMENT=7 ;

--
-- Dumping data for table `role`
--

INSERT INTO `role` (`id`, `user_id`, `role`) VALUES
(6, 9, 'administrator');

-- --------------------------------------------------------

--
-- Table structure for table `round`
--

CREATE TABLE IF NOT EXISTS `round` (
  `id` int(10) NOT NULL AUTO_INCREMENT,
  `identificator` varchar(128) NOT NULL,
  `date_from` datetime NOT NULL,
  `date_to` datetime NOT NULL,
  `date_created` datetime NOT NULL,
  `date_modified` datetime NOT NULL,
  `game_id` int(10) unsigned NOT NULL,
  `house_id` int(10) unsigned NOT NULL,
  PRIMARY KEY (`id`),
  KEY `house_id` (`house_id`),
  KEY `game_id` (`game_id`)
) ENGINE=InnoDB DEFAULT CHARSET=utf8 AUTO_INCREMENT=1 ;

-- --------------------------------------------------------

--
-- Table structure for table `team`
--

CREATE TABLE IF NOT EXISTS `team` (
  `id` int(10) unsigned NOT NULL AUTO_INCREMENT,
  `name` varchar(128) NOT NULL,
  `slug` varchar(128) NOT NULL,
  `league_id` int(10) unsigned NOT NULL,
  PRIMARY KEY (`id`),
  KEY `league_id` (`league_id`)
) ENGINE=InnoDB  DEFAULT CHARSET=utf8 AUTO_INCREMENT=984 ;

--
-- Dumping data for table `team`
--

INSERT INTO `team` (`id`, `name`, `slug`, `league_id`) VALUES
(253, 'Arsenal', 'arsenal', 28),
(254, 'Liverpool', 'liverpool', 28),
(255, 'Chelsea', 'chelsea', 28),
(256, 'Southampton', 'southampton', 28),
(257, 'Manchester City', 'manchester-city', 28),
(258, 'Tottenham Hotspur', 'tottenham-hotspur', 28),
(259, 'Everton', 'everton', 28),
(260, 'Hull City', 'hull-city', 28),
(261, 'Manchester United', 'manchester-united', 28),
(262, 'Aston Villa', 'aston-villa', 28),
(263, 'Newcastle United', 'newcastle-united', 28),
(264, 'West Bromwich Albion', 'west-bromwich-albion', 28),
(265, 'West Ham United', 'west-ham-united', 28),
(266, 'Cardiff City', 'cardiff-city', 28),
(267, 'Swansea City', 'swansea-city', 28),
(268, 'Stoke City', 'stoke-city', 28),
(269, 'Fulham', 'fulham', 28),
(270, 'Norwich City', 'norwich-city', 28),
(271, 'Crystal Palace', 'crystal-palace', 28),
(272, 'Sunderland', 'sunderland', 28),
(273, 'Burnley', 'burnley', 29),
(274, 'Queens Park Rangers', 'queens-park-rangers', 29),
(275, 'Leicester City', 'leicester-city', 29),
(276, 'Nottingham Forest', 'nottingham-forest', 29),
(277, 'Watford', 'watford', 29),
(278, 'Blackpool', 'blackpool', 29),
(279, 'Reading', 'reading', 29),
(280, 'AFC Bournemouth', 'afc-bournemouth', 29),
(281, 'Blackburn Rovers', 'blackburn-rovers', 29),
(282, 'Derby County', 'derby-county', 29),
(283, 'Ipswich Town', 'ipswich-town', 29),
(284, 'Wigan Athletic', 'wigan-athletic', 29),
(285, 'Huddersfield Town', 'huddersfield-town', 29),
(286, 'Leeds United', 'leeds-united', 29),
(287, 'Brighton &amp; Hove Albion', 'brighton-amp-hove-albion', 29),
(288, 'Middlesbrough', 'middlesbrough', 29),
(289, 'Doncaster Rovers', 'doncaster-rovers', 29),
(290, 'Millwall', 'millwall', 29),
(291, 'Birmingham City', 'birmingham-city', 29),
(292, 'Bolton Wanderers', 'bolton-wanderers', 29),
(293, 'Charlton Athletic', 'charlton-athletic', 29),
(294, 'Sheffield Wednesday', 'sheffield-wednesday', 29),
(295, 'Yeovil Town', 'yeovil-town', 29),
(296, 'Barnsley', 'barnsley', 29),
(297, 'Leyton Orient', 'leyton-orient', 30),
(298, 'Peterborough United', 'peterborough-united', 30),
(299, 'Wolverhampton Wanderers', 'wolverhampton-wanderers', 30),
(300, 'Bradford City', 'bradford-city', 30),
(301, 'Preston North End', 'preston-north-end', 30),
(302, 'Rotherham United', 'rotherham-united', 30),
(303, 'Milton Keynes Dons', 'milton-keynes-dons', 30),
(304, 'Crawley Town', 'crawley-town', 30),
(305, 'Walsall', 'walsall', 30),
(306, 'Brentford', 'brentford', 30),
(307, 'Swindon Town', 'swindon-town', 30),
(308, 'Port Vale', 'port-vale', 30),
(309, 'Carlisle United', 'carlisle-united', 30),
(310, 'Colchester United', 'colchester-united', 30),
(311, 'Shrewsbury Town', 'shrewsbury-town', 30),
(312, 'Gillingham', 'gillingham', 30),
(313, 'Oldham Athletic', 'oldham-athletic', 30),
(314, 'Coventry City', 'coventry-city', 30),
(315, 'Notts County', 'notts-county', 30),
(316, 'Bristol City', 'bristol-city', 30),
(317, 'Crewe Alexandra', 'crewe-alexandra', 30),
(318, 'Sheffield United', 'sheffield-united', 30),
(319, 'Stevenage', 'stevenage', 30),
(320, 'Tranmere Rovers', 'tranmere-rovers', 30),
(321, 'Chesterfield', 'chesterfield', 31),
(322, 'Fleetwood Town', 'fleetwood-town', 31),
(323, 'Exeter City', 'exeter-city', 31),
(324, 'Oxford United', 'oxford-united', 31),
(325, 'Mansfield Town', 'mansfield-town', 31),
(326, 'Morecambe', 'morecambe', 31),
(327, 'Scunthorpe United', 'scunthorpe-united', 31),
(328, 'Rochdale', 'rochdale', 31),
(329, 'Newport County', 'newport-county', 31),
(330, 'Dagenham &amp; Redbridge', 'dagenham-amp-redbridge', 31),
(331, 'AFC Wimbledon', 'afc-wimbledon', 31),
(332, 'Burton Albion', 'burton-albion', 31),
(333, 'Wycombe Wanderers', 'wycombe-wanderers', 31),
(334, 'Southend United', 'southend-united', 31),
(335, 'Portsmouth', 'portsmouth', 31),
(336, 'York City', 'york-city', 31),
(337, 'Plymouth Argyle', 'plymouth-argyle', 31),
(338, 'Bury', 'bury', 31),
(339, 'Hartlepool United', 'hartlepool-united', 31),
(340, 'Bristol Rovers', 'bristol-rovers', 31),
(341, 'Torquay United', 'torquay-united', 31),
(342, 'Cheltenham Town', 'cheltenham-town', 31),
(343, 'Northampton Town', 'northampton-town', 31),
(344, 'Accrington Stanley', 'accrington-stanley', 31),
(345, 'Cambridge United', 'cambridge-united', 32),
(346, 'Grimsby Town', 'grimsby-town', 32),
(347, 'Braintree Town', 'braintree-town', 32),
(348, 'Nuneaton Town', 'nuneaton-town', 32),
(349, 'Luton Town', 'luton-town', 32),
(350, 'Kidderminster Harriers', 'kidderminster-harriers', 32),
(351, 'Salisbury City', 'salisbury-city', 32),
(352, 'Alfreton Town', 'alfreton-town', 32),
(353, 'Lincoln', 'lincoln', 32),
(354, 'Barnet', 'barnet', 32),
(355, 'Halifax Town', 'halifax-town', 32),
(356, 'Welling United', 'welling-united', 32),
(357, 'Forest Green Rovers', 'forest-green-rovers', 32),
(358, 'Southport', 'southport', 32),
(359, 'Hereford United', 'hereford-united', 32),
(360, 'Gateshead FC', 'gateshead-fc', 32),
(361, 'Tamworth', 'tamworth', 32),
(362, 'Dartford', 'dartford', 32),
(363, 'Macclesfield Town', 'macclesfield-town', 32),
(364, 'Wrexham', 'wrexham', 32),
(365, 'Woking', 'woking', 32),
(366, 'Chester FC', 'chester-fc', 32),
(367, 'Aldershot Town', 'aldershot-town', 32),
(368, 'Hyde FC', 'hyde-fc', 32),
(369, 'Hednesford', 'hednesford', 33),
(370, 'Brackley Town', 'brackley-town', 33),
(371, 'Altrincham', 'altrincham', 33),
(372, 'North Ferriby United', 'north-ferriby-united', 33),
(373, 'Boston Utd.', 'boston-utd.', 33),
(374, 'Solihull Moors', 'solihull-moors', 33),
(375, 'Telford', 'telford', 33),
(376, 'Bradford PA', 'bradford-pa', 33),
(377, 'Histon', 'histon', 33),
(378, 'Vauxhall Motors', 'vauxhall-motors', 33),
(379, 'Stalybridge', 'stalybridge', 33),
(380, 'Harrogate', 'harrogate', 33),
(381, 'Gainsborough', 'gainsborough', 33),
(382, 'Colwyn Bay', 'colwyn-bay', 33),
(383, 'Stockport', 'stockport', 33),
(384, 'Barrow', 'barrow', 33),
(385, 'Gloucester City', 'gloucester-city', 33),
(386, 'Leamington', 'leamington', 33),
(387, 'Worcester', 'worcester', 33),
(388, 'Guiseley', 'guiseley', 33),
(389, 'Oxford City', 'oxford-city', 33),
(390, 'Workington', 'workington', 33),
(391, 'Eastleigh', 'eastleigh', 34),
(392, 'Bromley', 'bromley', 34),
(393, 'Sutton United', 'sutton-united', 34),
(394, 'Bishop Stortford', 'bishop-stortford', 34),
(395, 'Weston Super Mare', 'weston-super-mare', 34),
(396, 'Staines Town', 'staines-town', 34),
(397, 'Hayes &amp; Yeading United', 'hayes-amp-yeading-united', 34),
(398, 'Dover', 'dover', 34),
(399, 'Eastbourne Borough', 'eastbourne-borough', 34),
(400, 'Concord Rangers', 'concord-rangers', 34),
(401, 'Basingstoke', 'basingstoke', 34),
(402, 'Ebbsfleet United', 'ebbsfleet-united', 34),
(403, 'Maidenhead U', 'maidenhead-u', 34),
(404, 'Havant and W.', 'havant-and-w.', 34),
(405, 'Whitehawk', 'whitehawk', 34),
(406, 'Farnborough', 'farnborough', 34),
(407, 'Chelmsford', 'chelmsford', 34),
(408, 'Bath City', 'bath-city', 34),
(409, 'Tonbridge Angels', 'tonbridge-angels', 34),
(410, 'Boreham Wood', 'boreham-wood', 34),
(411, 'Gosport Borough', 'gosport-borough', 34),
(412, 'Dorchester Town', 'dorchester-town', 34),
(413, 'AFC Fylde', 'afc-fylde', 35),
(414, 'Chorley', 'chorley', 35),
(415, 'Skelmersdale United', 'skelmersdale-united', 35),
(416, 'Blyth Spartans', 'blyth-spartans', 35),
(417, 'Ilkeston FC', 'ilkeston-fc', 35),
(418, 'Matlock Town', 'matlock-town', 35),
(419, 'Kings Lynn', 'kings-lynn', 35),
(420, 'Ashton United', 'ashton-united', 35),
(421, 'Marine', 'marine', 35),
(422, 'Rushall Olympic', 'rushall-olympic', 35),
(423, 'FC United', 'fc-united', 35),
(424, 'Barwell F.C.', 'barwell-f.c.', 35),
(425, 'Buxton', 'buxton', 35),
(426, 'Grantham Town', 'grantham-town', 35),
(427, 'Whitby', 'whitby', 35),
(428, 'Worksop', 'worksop', 35),
(429, 'Nantwich Town', 'nantwich-town', 35),
(430, 'Frickley Athletic', 'frickley-athletic', 35),
(431, 'Trafford', 'trafford', 35),
(432, 'Witton Albion', 'witton-albion', 35),
(433, 'Stamford AFC', 'stamford-afc', 35),
(434, 'Stocksbridge Park Steels', 'stocksbridge-park-steels', 35),
(435, 'Stafford', 'stafford', 35),
(436, 'Droylsden', 'droylsden', 35),
(437, 'Hemel Hempstead', 'hemel-hempstead', 36),
(438, 'Chesham United', 'chesham-united', 36),
(439, 'Cambridge C', 'cambridge-c', 36),
(440, 'Bideford AFC', 'bideford-afc', 36),
(441, 'Arlesey Town', 'arlesey-town', 36),
(442, 'Banbury United', 'banbury-united', 36),
(443, 'Poole Town F.C', 'poole-town-f.c', 36),
(444, 'Stourbridge', 'stourbridge', 36),
(445, 'St.Albans', 'st.albans', 36),
(446, 'Hungerford Town', 'hungerford-town', 36),
(447, 'Weymouth', 'weymouth', 36),
(448, 'Corby Town', 'corby-town', 36),
(449, 'Burnham', 'burnham', 36),
(450, 'Hitchin Town', 'hitchin-town', 36),
(451, 'Chippenham Town', 'chippenham-town', 36),
(452, 'Biggleswade Town', 'biggleswade-town', 36),
(453, 'Frome Town', 'frome-town', 36),
(454, 'Bedford', 'bedford', 36),
(455, 'St Neots Town', 'st-neots-town', 36),
(456, 'Truro City', 'truro-city', 36),
(457, 'Redditch United', 'redditch-united', 36),
(458, 'Hinckley', 'hinckley', 36),
(459, 'AFC Totton', 'afc-totton', 36),
(460, 'Bashley', 'bashley', 36),
(461, 'Hornchurch', 'hornchurch', 37),
(462, 'Dulwich Hamlet', 'dulwich-hamlet', 37),
(463, 'Maidstone', 'maidstone', 37),
(464, 'Kingstonian', 'kingstonian', 37),
(465, 'Wealdstone', 'wealdstone', 37),
(466, 'Bognor Regis Town', 'bognor-regis-town', 37),
(467, 'Lewes', 'lewes', 37),
(468, 'Margate', 'margate', 37),
(469, 'Grays Athletic', 'grays-athletic', 37),
(470, 'Billericay', 'billericay', 37),
(471, 'Lowestoft Town', 'lowestoft-town', 37),
(472, 'Bury Town', 'bury-town', 37),
(473, 'East Thurrock United', 'east-thurrock-united', 37),
(474, 'Hendon', 'hendon', 37),
(475, 'Canvey', 'canvey', 37),
(476, 'Harrow Borough', 'harrow-borough', 37),
(477, 'Hampton &amp; Richmond', 'hampton-amp-richmond', 37),
(478, 'Wingate &amp; Finchley', 'wingate-amp-finchley', 37),
(479, 'Enfield Town', 'enfield-town', 37),
(480, 'Leiston', 'leiston', 37),
(481, 'Metropolitan Police F.C', 'metropolitan-police-f.c', 37),
(482, 'Carshalton Athletic', 'carshalton-athletic', 37),
(483, 'Thamesmead Town', 'thamesmead-town', 37),
(484, 'Cray Wanderers', 'cray-wanderers', 37),
(485, 'Roma', 'roma', 38),
(486, 'SSC Napoli', 'ssc-napoli', 38),
(487, 'Juventus', 'juventus', 38),
(488, 'Inter', 'inter', 38),
(489, 'Hellas Verona', 'hellas-verona', 38),
(490, 'Fiorentina', 'fiorentina', 38),
(491, 'Lazio', 'lazio', 38),
(492, 'Udinese', 'udinese', 38),
(493, 'Torino', 'torino', 38),
(494, 'Parma', 'parma', 38),
(495, 'Atalanta', 'atalanta', 38),
(496, 'AC Milan', 'ac-milan', 38),
(497, 'Livorno', 'livorno', 38),
(498, 'Cagliari', 'cagliari', 38),
(499, 'Genoa', 'genoa', 38),
(500, 'Catania', 'catania', 38),
(501, 'ChievoVerona', 'chievoverona', 38),
(502, 'Sampdoria', 'sampdoria', 38),
(503, 'Bologna', 'bologna', 38),
(504, 'Sassuolo', 'sassuolo', 38),
(505, 'Virtus Lanciano', 'virtus-lanciano', 39),
(506, 'Empoli', 'empoli', 39),
(507, 'Avellino', 'avellino', 39),
(508, 'Cesena', 'cesena', 39),
(509, 'Varese', 'varese', 39),
(510, 'Crotone', 'crotone', 39),
(511, 'Spezia', 'spezia', 39),
(512, 'Palermo', 'palermo', 39),
(513, 'Modena', 'modena', 39),
(514, 'Novara', 'novara', 39),
(515, 'Cittadella', 'cittadella', 39),
(516, 'Trapani', 'trapani', 39),
(517, 'Siena', 'siena', 39),
(518, 'Pescara', 'pescara', 39),
(519, 'Bari', 'bari', 39),
(520, 'Brescia', 'brescia', 39),
(521, 'Latina', 'latina', 39),
(522, 'Carpi', 'carpi', 39),
(523, 'Ternana', 'ternana', 39),
(524, 'Reggina', 'reggina', 39),
(525, 'Juve Stabia', 'juve-stabia', 39),
(526, 'Padova', 'padova', 39),
(527, 'Cremonese', 'cremonese', 40),
(528, 'Pro Vercelli', 'pro-vercelli', 40),
(529, 'Entella', 'entella', 40),
(530, 'Albinoleffe', 'albinoleffe', 40),
(531, 'Venezia', 'venezia', 40),
(532, 'Savona', 'savona', 40),
(533, 'Reggiana', 'reggiana', 40),
(534, 'San Marino', 'san-marino', 40),
(535, 'Como', 'como', 40),
(536, 'Sudtirol', 'sudtirol', 40),
(537, 'Lumezzane', 'lumezzane', 40),
(538, 'Feralpisalò', 'feralpisalò', 40),
(539, 'Carrarese', 'carrarese', 40),
(540, 'Vicenza', 'vicenza', 40),
(541, 'Pavia', 'pavia', 40),
(542, 'Propatria', 'propatria', 40),
(543, 'Pontedera', 'pontedera', 41),
(544, 'L´Aquila', 'l´aquila', 41),
(545, 'Frosinone', 'frosinone', 41),
(546, 'Pisa', 'pisa', 41),
(547, 'Benevento', 'benevento', 41),
(548, 'Prato', 'prato', 41),
(549, 'Catanzaro', 'catanzaro', 41),
(550, 'Perugia', 'perugia', 41),
(551, 'Salernitana', 'salernitana', 41),
(552, 'Ascoli', 'ascoli', 41),
(553, 'Grosseto', 'grosseto', 41),
(554, 'Viareggio', 'viareggio', 41),
(555, 'Gubbio', 'gubbio', 41),
(556, 'Paganese', 'paganese', 41),
(557, 'Barletta', 'barletta', 41),
(558, 'Nocerina', 'nocerina', 41),
(559, 'Lecce', 'lecce', 41),
(560, 'Cuneo', 'cuneo', 42),
(561, 'Bassano V.', 'bassano-v.', 42),
(562, 'Pergolettese', 'pergolettese', 42),
(563, 'Rimini', 'rimini', 42),
(564, 'Real Vicenza', 'real-vicenza', 42),
(565, 'Alessandria', 'alessandria', 42),
(566, 'Monza', 'monza', 42),
(567, 'Virtus Verona', 'virtus-verona', 42),
(568, 'Renate', 'renate', 42),
(569, 'Santarcangelo', 'santarcangelo', 42),
(570, 'Bellaria Igea M.', 'bellaria-igea-m.', 42),
(571, 'Forlì', 'forlì', 42),
(572, 'Delta Porto Tolle', 'delta-porto-tolle', 42),
(573, 'Mantova', 'mantova', 42),
(574, 'Sassari Torres', 'sassari-torres', 42),
(575, 'Spal', 'spal', 42),
(576, 'Castiglione', 'castiglione', 42),
(577, 'Bra', 'bra', 42),
(578, 'Vigor Lamezia', 'vigor-lamezia', 43),
(579, 'Cosenza', 'cosenza', 43),
(580, 'Melfi', 'melfi', 43),
(581, 'Teramo', 'teramo', 43),
(582, 'Aprilia', 'aprilia', 43),
(583, 'Aversa', 'aversa', 43),
(584, 'Poggibonsi', 'poggibonsi', 43),
(585, 'Sorrento', 'sorrento', 43),
(586, 'Tuttocuoio', 'tuttocuoio', 43),
(587, 'Casertana', 'casertana', 43),
(588, 'Chieti', 'chieti', 43),
(589, 'Foggia', 'foggia', 43),
(590, 'Messina', 'messina', 43),
(591, 'Martina', 'martina', 43),
(592, 'Ischia Isolaverde', 'ischia-isolaverde', 43),
(593, 'U.S. Gavorrano', 'u.s.-gavorrano', 43),
(594, 'Castel Rigone', 'castel-rigone', 43),
(595, 'Arzanese', 'arzanese', 43),
(596, 'Barcelona', 'barcelona', 44),
(597, 'Atletico Madrid', 'atletico-madrid', 44),
(598, 'Real Madrid', 'real-madrid', 44),
(599, 'Villarreal', 'villarreal', 44),
(600, 'Getafe', 'getafe', 44),
(601, 'Athletic Bilbao', 'athletic-bilbao', 44),
(602, 'Valencia', 'valencia', 44),
(603, 'Espanyol', 'espanyol', 44),
(604, 'Levante', 'levante', 44),
(605, 'Malaga', 'malaga', 44),
(606, 'Sevilla', 'sevilla', 44),
(607, 'Elche', 'elche', 44),
(608, 'Real Betis', 'real-betis', 44),
(609, 'Granada', 'granada', 44),
(610, 'Real Sociedad', 'real-sociedad', 44),
(611, 'Celta Vigo', 'celta-vigo', 44),
(612, 'Valladolid', 'valladolid', 44),
(613, 'Osasuna', 'osasuna', 44),
(614, 'Rayo Vallecano', 'rayo-vallecano', 44),
(615, 'Almeria', 'almeria', 44),
(616, 'Recreativo Huelva', 'recreativo-huelva', 45),
(617, 'Sporting Gijon', 'sporting-gijon', 45),
(618, 'Ponferradina', 'ponferradina', 45),
(619, 'Murcia', 'murcia', 45),
(620, 'Cordoba', 'cordoba', 45),
(621, 'Mirandes', 'mirandes', 45),
(622, 'Alcorcon', 'alcorcon', 45),
(623, 'Lugo', 'lugo', 45),
(624, 'Deportivo La Coruna', 'deportivo-la-coruna', 45),
(625, 'Las Palmas', 'las-palmas', 45),
(626, 'Zaragoza', 'zaragoza', 45),
(627, 'Sabadell', 'sabadell', 45),
(628, 'Girona', 'girona', 45),
(629, 'Numancia', 'numancia', 45),
(630, 'Barcelona B', 'barcelona-b', 45),
(631, 'Mallorca', 'mallorca', 45),
(632, 'Alaves', 'alaves', 45),
(633, 'Eibar', 'eibar', 45),
(634, 'Real Jaen', 'real-jaen', 45),
(635, 'Hercules', 'hercules', 45),
(636, 'Tenerife', 'tenerife', 45),
(637, 'Real Madrid Castilla', 'real-madrid-castilla', 45),
(638, 'Zamora', 'zamora', 46),
(639, 'Real Aviles CF', 'real-aviles-cf', 46),
(640, 'Oviedo', 'oviedo', 46),
(641, 'Ourense', 'ourense', 46),
(642, 'Santander', 'santander', 46),
(643, 'Celta Vigo B', 'celta-vigo-b', 46),
(644, 'Compostela', 'compostela', 46),
(645, 'Coruxo F.C.', 'coruxo-f.c.', 46),
(646, 'Noja', 'noja', 46),
(647, 'Burgos CF', 'burgos-cf', 46),
(648, 'Guijuelo', 'guijuelo', 46),
(649, 'Marino Luanco', 'marino-luanco', 46),
(650, 'Racing de Ferrol', 'racing-de-ferrol', 46),
(651, 'Sporting Gijon B', 'sporting-gijon-b', 46),
(652, 'Logrones', 'logrones', 46),
(653, 'Leonesa', 'leonesa', 46),
(654, 'SD Logrones', 'sd-logrones', 46),
(655, 'Caudal Deportivo', 'caudal-deportivo', 46),
(656, 'CD Tropezon', 'cd-tropezon', 46),
(657, 'Las Palmas B', 'las-palmas-b', 47),
(658, 'Athletic Bilbao B', 'athletic-bilbao-b', 47),
(659, 'Barakaldo', 'barakaldo', 47),
(660, 'Fuenlabrada', 'fuenlabrada', 47),
(661, 'Real Union', 'real-union', 47),
(662, 'Conquense', 'conquense', 47),
(663, 'Leganes', 'leganes', 47),
(664, 'CD Puerta Bonita', 'cd-puerta-bonita', 47),
(665, 'Toledo', 'toledo', 47),
(666, 'Tudelano', 'tudelano', 47),
(667, 'Atletico Madrid B', 'atletico-madrid-b', 47),
(668, 'SD Amorebieta', 'sd-amorebieta', 47),
(669, 'Sestao', 'sestao', 47),
(670, 'Real Madrid C', 'real-madrid-c', 47),
(671, 'CD Laudio', 'cd-laudio', 47),
(672, 'Huesca', 'huesca', 47),
(673, 'Real Sociedad B', 'real-sociedad-b', 47),
(674, 'Getafe B', 'getafe-b', 47),
(675, 'Pena Sport', 'pena-sport', 47),
(676, 'Sarinena', 'sarinena', 47),
(677, 'Elche Ilicitanc', 'elche-ilicitanc', 48),
(678, 'At. Baleares', 'at.-baleares', 48),
(679, 'Llagostera', 'llagostera', 48),
(680, 'Alcoyano', 'alcoyano', 48),
(681, 'Villarreal B', 'villarreal-b', 48),
(682, 'UE Olot', 'ue-olot', 48),
(683, 'CD Olimpic Xativa', 'cd-olimpic-xativa', 48),
(684, 'Gimnastic', 'gimnastic', 48),
(685, 'Huracan CF', 'huracan-cf', 48),
(686, 'Lleida Esportiu', 'lleida-esportiu', 48),
(687, 'Valencia B', 'valencia-b', 48),
(688, 'Sant Andreu', 'sant-andreu', 48),
(689, 'Reus', 'reus', 48),
(690, 'Espanyol B', 'espanyol-b', 48),
(691, 'AE Prat', 'ae-prat', 48),
(692, 'Constancia', 'constancia', 48),
(693, 'Ontinyent', 'ontinyent', 48),
(694, 'Hospitalet', 'hospitalet', 48),
(695, 'Badalona', 'badalona', 48),
(696, 'Levante B', 'levante-b', 48),
(697, 'Albacete', 'albacete', 49),
(698, 'Linense', 'linense', 49),
(699, 'Granada B', 'granada-b', 49),
(700, 'Cadiz', 'cadiz', 49),
(701, 'Melilla', 'melilla', 49),
(702, 'Guadalajara', 'guadalajara', 49),
(703, 'La Hoya Deportiva', 'la-hoya-deportiva', 49),
(704, 'EL Palo', 'el-palo', 49),
(705, 'Cartagena', 'cartagena', 49),
(706, 'Lucena', 'lucena', 49),
(707, 'La Roda', 'la-roda', 49),
(708, 'Arroyo', 'arroyo', 49),
(709, 'Algeciras', 'algeciras', 49),
(710, 'Atletico Sanluqueno CF', 'atletico-sanluqueno-cf', 49),
(711, 'Cacereno', 'cacereno', 49),
(712, 'Sevilla Atletico', 'sevilla-atletico', 49),
(713, 'Almeria B', 'almeria-b', 49),
(714, 'Ecija', 'ecija', 49),
(715, 'San Fernando CD', 'san-fernando-cd', 49),
(716, 'Cordoba B', 'cordoba-b', 49),
(717, 'Bayern Munich', 'bayern-munich', 50),
(718, 'Borussia Dortmund', 'borussia-dortmund', 50),
(719, 'Bayer Leverkusen', 'bayer-leverkusen', 50),
(720, 'Borussia Monchengladbach', 'borussia-monchengladbach', 50),
(721, 'Hannover 96', 'hannover-96', 50),
(722, 'Hertha Berlin', 'hertha-berlin', 50),
(723, 'VfB Stuttgart', 'vfb-stuttgart', 50),
(724, 'Schalke 04', 'schalke-04', 50),
(725, 'Werder Bremen', 'werder-bremen', 50),
(726, 'Hoffenheim', 'hoffenheim', 50),
(727, 'Mainz 05', 'mainz-05', 50),
(728, 'Augsburg', 'augsburg', 50),
(729, 'Eintracht Frankfurt', 'eintracht-frankfurt', 50),
(730, 'Wolfsburg', 'wolfsburg', 50),
(731, 'Hamburger SV', 'hamburger-sv', 50),
(732, 'Nurnberg', 'nurnberg', 50),
(733, 'Freiburg', 'freiburg', 50),
(734, 'Braunschweig', 'braunschweig', 50),
(735, 'FC Cologne', 'fc-cologne', 51),
(736, 'Greuther Furth', 'greuther-furth', 51),
(737, 'Union Berlin', 'union-berlin', 51),
(738, 'Kaiserslautern', 'kaiserslautern', 51),
(739, 'FSV Frankfurt', 'fsv-frankfurt', 51),
(740, 'St. Pauli', 'st.-pauli', 51),
(741, 'Bielefeld', 'bielefeld', 51),
(742, '1860 Munchen', '1860-munchen', 51),
(743, 'Fortuna Dusseldorf', 'fortuna-dusseldorf', 51),
(744, 'Cottbus', 'cottbus', 51),
(745, 'Karlsruhe', 'karlsruhe', 51),
(746, 'Aalen', 'aalen', 51),
(747, 'Sandhausen', 'sandhausen', 51),
(748, 'Aue', 'aue', 51),
(749, 'Paderborn', 'paderborn', 51),
(750, 'Bochum', 'bochum', 51),
(751, 'Dynamo Dresden', 'dynamo-dresden', 51),
(752, 'Ingolstadt', 'ingolstadt', 51),
(753, 'FC Heidenheim', 'fc-heidenheim', 52),
(754, 'Darmstadt', 'darmstadt', 52),
(755, 'RasenBallsport Leipzig', 'rasenballsport-leipzig', 52),
(756, 'Osnabruck', 'osnabruck', 52),
(757, 'Wehen', 'wehen', 52),
(758, 'RW Erfurt', 'rw-erfurt', 52),
(759, 'Unterhaching', 'unterhaching', 52),
(760, 'Stuttgart II', 'stuttgart-ii', 52),
(761, 'Elversberg', 'elversberg', 52),
(762, 'Duisburg', 'duisburg', 52),
(763, 'Borussia Dortmund II', 'borussia-dortmund-ii', 52),
(764, 'Holstein Kiel', 'holstein-kiel', 52),
(765, 'Hallescher FC', 'hallescher-fc', 52),
(766, 'Hansa Rostock', 'hansa-rostock', 52),
(767, 'Chemnitz', 'chemnitz', 52),
(768, 'Regensburg', 'regensburg', 52),
(769, 'Preußen Münster', 'preußen-münster', 52),
(770, 'St.Kickers', 'st.kickers', 52),
(771, 'Saarbrucken', 'saarbrucken', 52),
(772, 'Burghausen', 'burghausen', 52),
(773, 'B.Munchen II', 'b.munchen-ii', 53),
(774, 'FV Illertissen', 'fv-illertissen', 53),
(775, 'Augsburg II', 'augsburg-ii', 53),
(776, '1860 Munchen II', '1860-munchen-ii', 53),
(777, 'Ingolstadt II', 'ingolstadt-ii', 53),
(778, 'TSV Buchbach', 'tsv-buchbach', 53),
(779, 'Eintracht Bamberg', 'eintracht-bamberg', 53),
(780, 'Greuther Furth II', 'greuther-furth-ii', 53),
(781, 'SV Seligenporten', 'sv-seligenporten', 53),
(782, 'Würzburger Kickers', 'würzburger-kickers', 53),
(783, 'Nürnberg II', 'nürnberg-ii', 53),
(784, 'FC Memmingen', 'fc-memmingen', 53),
(785, '1860 Rosenheim', '1860-rosenheim', 53),
(786, 'SV Schalding-Heining', 'sv-schalding-heining', 53),
(787, 'SpVgg Bayern Hof', 'spvgg-bayern-hof', 53),
(788, 'FC Schweinfurt', 'fc-schweinfurt', 53),
(789, 'Viktoria Aschaffenburg', 'viktoria-aschaffenburg', 53),
(790, 'SV Heimstetten', 'sv-heimstetten', 53),
(791, 'TSV Rain/Lech', 'tsv-rain-lech', 53),
(792, 'Wolfsburg II', 'wolfsburg-ii', 54),
(793, 'Oldenburg', 'oldenburg', 54),
(794, 'Meppen', 'meppen', 54),
(795, 'Werder Bremen II', 'werder-bremen-ii', 54),
(796, 'Goslarer SC', 'goslarer-sc', 54),
(797, 'ETSV Weiche Flensburg', 'etsv-weiche-flensburg', 54),
(798, 'BSV Rehden', 'bsv-rehden', 54),
(799, 'SV Eichede', 'sv-eichede', 54),
(800, 'TSV Havelse', 'tsv-havelse', 54),
(801, 'Neumunster', 'neumunster', 54),
(802, 'Hannover II', 'hannover-ii', 54),
(803, 'Eintracht Norderstedt', 'eintracht-norderstedt', 54),
(804, 'St.Pauli II', 'st.pauli-ii', 54),
(805, 'Hamburger SV II', 'hamburger-sv-ii', 54),
(806, 'Wilhelmshaven', 'wilhelmshaven', 54),
(807, 'Braunschweig II', 'braunschweig-ii', 54),
(808, 'Cloppenburg', 'cloppenburg', 54),
(809, 'Victoria Hamburg', 'victoria-hamburg', 54),
(810, 'Berliner AK 07', 'berliner-ak-07', 55),
(811, 'TSG Neustrelitz', 'tsg-neustrelitz', 55),
(812, 'Union Berlin II', 'union-berlin-ii', 55),
(813, 'Carl Zeiss Jena', 'carl-zeiss-jena', 55),
(814, 'Magdeburg', 'magdeburg', 55),
(815, 'Germania Halberstadt', 'germania-halberstadt', 55),
(816, 'Babelsberg', 'babelsberg', 55),
(817, 'FSV Zwickau', 'fsv-zwickau', 55),
(818, 'Plauen', 'plauen', 55),
(819, 'Optik Rathenow', 'optik-rathenow', 55),
(820, 'FC Viktoria 1889 Berlin', 'fc-viktoria-1889-berlin', 55),
(821, 'VfB Auerbach', 'vfb-auerbach', 55),
(822, 'FSV Wacker Nordhausen', 'fsv-wacker-nordhausen', 55),
(823, 'ZFC Meuselwitz', 'zfc-meuselwitz', 55),
(824, 'Hertha Berlin II', 'hertha-berlin-ii', 55),
(825, 'L. Leipzig', 'l.-leipzig', 55),
(826, 'Sportfreunde Lotte', 'sportfreunde-lotte', 56),
(827, 'Fortuna Koln', 'fortuna-koln', 56),
(828, 'Schalke 04 II', 'schalke-04-ii', 56),
(829, 'Viktoria Koln 1904', 'viktoria-koln-1904', 56),
(830, 'Siegen', 'siegen', 56),
(831, 'Borussia Monchengladbach II', 'borussia-monchengladbach-ii', 56),
(832, 'Fortuna Düsseldorf II', 'fortuna-düsseldorf-ii', 56),
(833, 'Oberhausen', 'oberhausen', 56),
(834, 'FC Koln II', 'fc-koln-ii', 56),
(835, 'Essen', 'essen', 56),
(836, 'Aachen', 'aachen', 56),
(837, 'SC Verl', 'sc-verl', 56),
(838, 'Bochum II', 'bochum-ii', 56),
(839, 'Wattenscheid', 'wattenscheid', 56),
(840, 'Lippstadt', 'lippstadt', 56),
(841, 'Leverkusen II', 'leverkusen-ii', 56),
(842, 'KFC Uerdingen', 'kfc-uerdingen', 56),
(843, 'Velbert', 'velbert', 56),
(844, 'SC Wiedenbrück', 'sc-wiedenbrück', 56),
(845, 'Mainz 05 II', 'mainz-05-ii', 57),
(846, 'Sonnenhof Großaspach', 'sonnenhof-großaspach', 57),
(847, 'Freiburg II', 'freiburg-ii', 57),
(848, 'Eintracht Trier', 'eintracht-trier', 57),
(849, 'Kaiserslautern II', 'kaiserslautern-ii', 57),
(850, 'Homburg', 'homburg', 57),
(851, 'SVN 1929 Zweibrücken', 'svn-1929-zweibrücken', 57),
(852, 'SpVgg Neckarelz', 'spvgg-neckarelz', 57),
(853, 'Hessen Kassel', 'hessen-kassel', 57),
(854, 'Kick. Offenbach', 'kick.-offenbach', 57),
(855, 'Eintracht Frankfurt II', 'eintracht-frankfurt-ii', 57),
(856, 'Koblenz', 'koblenz', 57),
(857, 'Mannheim', 'mannheim', 57),
(858, 'Hoffenheim II', 'hoffenheim-ii', 57),
(859, 'Wormatia Worms', 'wormatia-worms', 57),
(860, 'SC Pfullendorf', 'sc-pfullendorf', 57),
(861, 'Ulm', 'ulm', 57),
(862, 'KSV Baunatal', 'ksv-baunatal', 57),
(863, 'Monaco', 'monaco', 58),
(864, 'Paris Saint Germain', 'paris-saint-germain', 58),
(865, 'Lille', 'lille', 58),
(866, 'Marseille', 'marseille', 58),
(867, 'Nantes', 'nantes', 58),
(868, 'Nice', 'nice', 58),
(869, 'Saint Etienne', 'saint-etienne', 58),
(870, 'Montpellier', 'montpellier', 58),
(871, 'Reims', 'reims', 58),
(872, 'Bastia', 'bastia', 58),
(873, 'Rennes', 'rennes', 58),
(874, 'Toulouse', 'toulouse', 58),
(875, 'Guingamp', 'guingamp', 58),
(876, 'Lyon', 'lyon', 58),
(877, 'Bordeaux', 'bordeaux', 58),
(878, 'Evian Thonon Gaillard', 'evian-thonon-gaillard', 58),
(879, 'Ajaccio', 'ajaccio', 58),
(880, 'Lorient', 'lorient', 58),
(881, 'Sochaux', 'sochaux', 58),
(882, 'Valenciennes', 'valenciennes', 58),
(883, 'Angers', 'angers', 59),
(884, 'Lens', 'lens', 59),
(885, 'Metz', 'metz', 59),
(886, 'Troyes', 'troyes', 59),
(887, 'Clermont Foot', 'clermont-foot', 59),
(888, 'Tours', 'tours', 59),
(889, 'Caen', 'caen', 59),
(890, 'Dijon', 'dijon', 59),
(891, 'Arles-Avignon', 'arles-avignon', 59),
(892, 'Creteil', 'creteil', 59),
(893, 'Brest', 'brest', 59),
(894, 'Auxerre', 'auxerre', 59),
(895, 'Niort', 'niort', 59),
(896, 'Le Havre', 'le-havre', 59),
(897, 'Nancy', 'nancy', 59),
(898, 'Nimes', 'nimes', 59),
(899, 'Chateauroux', 'chateauroux', 59),
(900, 'Istres', 'istres', 59),
(901, 'Laval', 'laval', 59),
(902, 'CA Bastia', 'ca-bastia', 59),
(903, 'Orléans', 'orléans', 60),
(904, 'GFCO Ajaccio', 'gfco-ajaccio', 60),
(905, 'Luzenac', 'luzenac', 60),
(906, 'Boulogne', 'boulogne', 60),
(907, 'Frejus Saint Raphael', 'frejus-saint-raphael', 60),
(908, 'Paris FC', 'paris-fc', 60),
(909, 'Bourg-Peronnas', 'bourg-peronnas', 60),
(910, 'Carquefou', 'carquefou', 60),
(911, 'US Colomiers', 'us-colomiers', 60),
(912, 'Lucon', 'lucon', 60),
(913, 'Vannes', 'vannes', 60),
(914, 'Dunkerque', 'dunkerque', 60),
(915, 'ES Uzes Pont du Gard', 'es-uzes-pont-du-gard', 60),
(916, 'Strasbourg', 'strasbourg', 60),
(917, 'Colmar', 'colmar', 60),
(918, 'Red Star', 'red-star', 60),
(919, 'Amiens', 'amiens', 60),
(920, 'Le Poire Sur Vie', 'le-poire-sur-vie', 60),
(921, 'Roye', 'roye', 61),
(922, 'Sannois Saint Gratien', 'sannois-saint-gratien', 61),
(923, 'Quevilly', 'quevilly', 61),
(924, 'US Ivry', 'us-ivry', 61),
(925, 'Chambly', 'chambly', 61),
(926, 'Paris Saint Germain B', 'paris-saint-germain-b', 61),
(927, 'Amiens AC', 'amiens-ac', 61),
(928, 'Mantes', 'mantes', 61),
(929, 'Lille B', 'lille-b', 61),
(930, 'Dieppe', 'dieppe', 61),
(931, 'CM Aubervilliers', 'cm-aubervilliers', 61),
(932, 'Beauvais', 'beauvais', 61),
(933, 'Villemomble Sports', 'villemomble-sports', 61),
(934, 'Lens B', 'lens-b', 61),
(935, 'Drancy', 'drancy', 61),
(936, 'Le Mans', 'le-mans', 61),
(937, 'Yzeure', 'yzeure', 62),
(938, 'Moulins', 'moulins', 62),
(939, 'Lyon la Duchere', 'lyon-la-duchere', 62),
(940, 'Epinal', 'epinal', 62),
(941, 'Sochaux B', 'sochaux-b', 62),
(942, 'Raon L Etape', 'raon-l-etape', 62),
(943, 'Sarre-Union', 'sarre-union', 62),
(944, 'Lyon B', 'lyon-b', 62),
(945, 'Mulhouse', 'mulhouse', 62),
(946, 'Montceau', 'montceau', 62),
(947, 'St. Priest', 'st.-priest', 62),
(948, 'Jura Sud', 'jura-sud', 62),
(949, 'Monts Or Azergues', 'monts-or-azergues', 62),
(950, 'Villefranche sur Saone', 'villefranche-sur-saone', 62),
(951, 'Vesoul', 'vesoul', 62),
(952, 'ASM Belfort', 'asm-belfort', 62),
(953, 'Monaco B', 'monaco-b', 63),
(954, 'Marseille Consolat', 'marseille-consolat', 63),
(955, 'AS Beziers', 'as-beziers', 63),
(956, 'Cannes', 'cannes', 63),
(957, 'Grenoble', 'grenoble', 63),
(958, 'Martigues', 'martigues', 63),
(959, 'Mont-de-Marsan', 'mont-de-marsan', 63),
(960, 'Rodez', 'rodez', 63),
(961, 'Valence', 'valence', 63),
(962, 'Tarbes', 'tarbes', 63),
(963, 'Hyeres', 'hyeres', 63),
(964, 'US Le Pontet', 'us-le-pontet', 63),
(965, 'Pau', 'pau', 63),
(966, 'Nice B', 'nice-b', 63),
(967, 'Marignane', 'marignane', 63),
(968, 'Avranches', 'avranches', 64),
(969, 'St. Malo', 'st.-malo', 64),
(970, 'Les Herbiers', 'les-herbiers', 64),
(971, 'Nantes B', 'nantes-b', 64),
(972, 'Vendee Fontenay Foot', 'vendee-fontenay-foot', 64),
(973, 'Pontivy', 'pontivy', 64),
(974, 'Concarneau', 'concarneau', 64),
(975, 'Bordeaux B', 'bordeaux-b', 64),
(976, 'Vitre', 'vitre', 64),
(977, 'Viry Chatillon', 'viry-chatillon', 64),
(978, 'Romorantin', 'romorantin', 64),
(979, 'Trelissac', 'trelissac', 64),
(980, 'Stade Bordelais', 'stade-bordelais', 64),
(981, 'Plabennec', 'plabennec', 64),
(982, 'Villenave', 'villenave', 64),
(983, 'Cherbourg', 'cherbourg', 64);

-- --------------------------------------------------------

--
-- Table structure for table `user`
--

CREATE TABLE IF NOT EXISTS `user` (
  `id` int(10) unsigned NOT NULL AUTO_INCREMENT,
  `username` varchar(64) NOT NULL,
  `password` varchar(64) NOT NULL,
  `name` varchar(255) NOT NULL,
  `email` varchar(64) NOT NULL,
  `date_created` timestamp NOT NULL DEFAULT CURRENT_TIMESTAMP,
  `active` tinyint(1) NOT NULL DEFAULT '0',
  `oauth_provider` varchar(32) DEFAULT NULL,
  `oauth_uid` varchar(128) DEFAULT NULL,
  PRIMARY KEY (`id`)
) ENGINE=InnoDB  DEFAULT CHARSET=utf8 AUTO_INCREMENT=10 ;

--
-- Dumping data for table `user`
--

INSERT INTO `user` (`id`, `username`, `password`, `name`, `email`, `date_created`, `active`, `oauth_provider`, `oauth_uid`) VALUES
(9, 'admin', '$2a$12$jStOOlvaeyOJowQ7uN8M5eFLT9QV4l3Ao9xj8q/ZXhh4Le/3LqIuW', 'Mile Janev', 'informati4ar@yahoo.com', '2013-10-03 18:16:20', 0, 'ordinary', NULL);

--
-- Constraints for dumped tables
--

--
-- Constraints for table `coefficient`
--
ALTER TABLE `coefficient`
  ADD CONSTRAINT `coefficient_ibfk_1` FOREIGN KEY (`game_id`) REFERENCES `game` (`id`) ON DELETE CASCADE,
  ADD CONSTRAINT `coefficient_ibfk_2` FOREIGN KEY (`house_id`) REFERENCES `house` (`id`) ON DELETE CASCADE;

--
-- Constraints for table `game`
--
ALTER TABLE `game`
  ADD CONSTRAINT `game_ibfk_3` FOREIGN KEY (`home_id`) REFERENCES `team` (`id`) ON DELETE CASCADE,
  ADD CONSTRAINT `game_ibfk_4` FOREIGN KEY (`guest_id`) REFERENCES `team` (`id`) ON DELETE CASCADE;

--
-- Constraints for table `nickname`
--
ALTER TABLE `nickname`
  ADD CONSTRAINT `nickname_ibfk_1` FOREIGN KEY (`team_id`) REFERENCES `team` (`id`) ON DELETE CASCADE,
  ADD CONSTRAINT `nickname_ibfk_2` FOREIGN KEY (`house_id`) REFERENCES `house` (`id`) ON DELETE CASCADE;

--
-- Constraints for table `role`
--
ALTER TABLE `role`
  ADD CONSTRAINT `role_ibfk_1` FOREIGN KEY (`user_id`) REFERENCES `user` (`id`) ON DELETE CASCADE;

--
-- Constraints for table `round`
--
ALTER TABLE `round`
  ADD CONSTRAINT `round_ibfk_1` FOREIGN KEY (`game_id`) REFERENCES `game` (`id`) ON DELETE CASCADE,
  ADD CONSTRAINT `round_ibfk_2` FOREIGN KEY (`house_id`) REFERENCES `house` (`id`) ON DELETE CASCADE;

--
-- Constraints for table `team`
--
ALTER TABLE `team`
  ADD CONSTRAINT `team_ibfk_1` FOREIGN KEY (`league_id`) REFERENCES `league` (`id`) ON DELETE CASCADE;

/*!40101 SET CHARACTER_SET_CLIENT=@OLD_CHARACTER_SET_CLIENT */;
/*!40101 SET CHARACTER_SET_RESULTS=@OLD_CHARACTER_SET_RESULTS */;
/*!40101 SET COLLATION_CONNECTION=@OLD_COLLATION_CONNECTION */;
